{
	"pawns": [
		{
			"id": 1000001205,
			"type": 1,
			"name": "spirit_00",
			"life": 1231.7,
			"pos": {
				"x": 4.31132030,
				"y": -2.03265500,
				"z": 3.70802187
			},
			"states": [
				1,
				5,
				9
			]
		},
		{
			"id": 1000003748,
			"type": 2,
			"name": "monster_00",
			"life": 2456.3,
			"pos": {
				"x": 319.31143188,
				"y": -316.29031372,
				"z": 143.70272827
			},
			"states": [
				2,
				4,
				6
			]
		}
	]
}